Last,First
Billie,Martin
Sabrina,Hale
Lloyd,Sanders
Miriam,Price
Orlando,Snyd
Ernestine,Pierce
Kerry,Johnson
Ted,Quinn
Christy,Mckenzie
Janet,Bennett
Elizabeth,Cross
Stanley,Jordan
Grady,Brooks
Kathleen,Strickland
Katie,Ramirez
Silvia,Patterson
Pamela,Cortez
Domingo,Cruz
Lillie,Hampton
Darla,Page
Gretchen,Graham
Heidi,Thomas
Sergio,Foster
Erika,Ortega
Isabel,Walton
Tiffany,Bowman
Jasmine,Warren
Cesar,Holla
Erin,Walsh
Barbara,Cortez
Everett,Schultz
Johnnie,Martinez
Joe,Pittman
Johnnie,Zimmerman
Travis,Todd
Francis,Guerrero
Kay,Vargas
Anna,Baker
Lana,Lopez
Fernando,Porter
Allan,Kelley
Lucy,Colon
Margie,Hodges
Caleb,Carson
Cody,Marshall
Marshall,Guerrero
Paula,Munoz
Emanuel,Baldwin
Bonnie,Leonard
Kathy,Boone

Gaines,Florance

Browning,Byrd

Coleman,Lanie1

Ingram,Jennie

Wilkins,Lucius

Kerr,Luanna

Marshall,Lafayette

Burch,Herschel

Hale,Ovie2

Kline,Afton

Roth,China

Kramer,Maryanna

Atkins,Collins

Beard,Ardie

Callahan,Annabelle

Hester,Linnea

Davidson,Turner

Henderson,Sol

Clarke,Delima

Schaefer,Senia

Norris,Charlie

Jacobson,Radford

Carter,Murray1

Arroyo,Zollie

Fuentes,Bethel

Camacho,Thresa

Gray,Giles

Medrano,Lucy

Blanchard,Hattie

Dorsey,Aurelia

Hudson,Berry

Farmer,Harve

Chung,Wendell

Mckinney,Jeffie4

Ray,Kate

Carlson,Roxie

Barton,Lala

Hendrix,Mallie

Davila,Renata

English,Adline

Hines,Authur

Mcmahon,Lewis

Kelley,August

Salazar,Pete

Hicks,Bera

Bowman,Dan

Mccarty,Terry

Simpson,Enos

Friedman,Alease

Robles,Ema

Woods,Charles

Underwood,Armanda

Hopkins,Thea

Nicholson,Drucilla4

Park,Yancy

Mccall,Burley

Mcdonald,Jena

Potts,Ellery

Dunlap,Enrique

Vang,Adelina

Wagner,Rudolph

Vo,Zita

Lu,Madison

Small,Jacob

Hood,Rush

Hartman,Guss

Burnett,Berta

Ayala,Lucretia

Lindsey,Velva

Allison,Erwin

Rowland,Elaine

Gilmore,Claudie

Cobb,Evert

Beltran,Arvilla

Contreras,Vance

Wright,Doxie

Holland,Mable

Day,Hildegard

Silva,Eupha

Sanders,Hilbert

Lu,Birtha

Campos,Valma

Hodge,Beulah

Beil,Violet

Lewis,Melvinia

Browning,Orva

Gray,Letitia

Mathews,Almeter

Strickland,Buena

Manning,Jaunita

Huber,Annabelle

Caldwell,Claire

Webb,Tessie

Ayers,Aurore

Ray,Delsie

Oliver,Dolly

Moss,Ferd

Bautista,Romaine

Wade,Dove

Freeman,Carey

Harrison,Aurore

Hawkins,Caryl

Rush,Callie

Crane,Colonel

Alvarado,Guy1

Gentry,Arvin

Lozano,Seymour

Davila,Maie

Solis,Adelle1

Stanley,Lacy

Pugh,Eleonora

Mann,Nan

Obrien,Nina

Ahmed,Levie

Goodman,Oakley

Bradshaw,Reece

Friedman,Adella

Monroe,Ebbie

Nelson,Allie

Gonzales,Dorthy

Navarro,Elie

Acosta,Mariah

Thomas,Lady

Blevins,Philip4

Weaver,Milda

Lopez,Mose

Beil,Arzella

Lara,Jamie2

Hartman,Elda2

Burke,Evelyne

Taylor,Sue

Dickson,Iva

Strickland,Magdalena

Richardson,Julie

Vargas,Kay

Hammond,Walter

Lambert,Izetta

Thompson,Casper

Ramsey,Viola

Robbins,Chloe

Fisher,Eva

Espinoza,Leathia

Russell,Hannah

Everett,Albertha

Moore,Carlyn

Estes,Flo1

Massey,Meredith

Peters,Maude

Rangel,Todd

Bond,Reah

Maddox,Edia

Barr,Lucy

Riley,Peggie

Delarosa,Bubber

Woods,Adel

Conley,Washington

Henson,Leanna

Best,Archibald

Coffey,Coy

Greer,Sybil

Mejia,Orville

Carey,Addie

Thompson,Judy

Bernal,Delsie

Frederick,Freida

Buckley,Elzie

Black,Zola4

Liu,Lavonia

Mclean,Violet

Le,Versie

Huang,Don

Klein,Fronie

Swanson,Bertha

S,Marrie

Nava,Theodora

Terry,Alphonsus

Harding,Dwight

Bravo,Micheal

Jenkins,Wellington

Duffy,Kittie2

Berg,Berniece

Nash,Asbury

Goodman,Vergil

Quintana,Benjaman

Delarosa,Orlean

Zavala,Quincy

Coleman,Lavonne

Page,Felicie

Brady,Classie

Mccoy,Wess

Carson,Reyes

S,Isidore

Harrison,Judson

Floyd,Otho

Frazier,Charlie

Branch,Emma

Gomez,Elva

Day,Rexford

Luna,Lu

Bruce,Jamie

Rose,Garnett

Wyatt,Alcide

Lindsey,Percival

S,Luke

Stewart,Elfrieda

Madden,Violet

Sawyer,Zilpha

Lucas,Angus

Jacobs,Lucie

Hayden,Marcus

Kennedy,Orion

Lu,Elfie

Richards,Thurston

Ball,Odella

Shah,Cleola

Roberson,Tobe

Avalos,Rina

Quinn,Ebba

Beard,Estella

Prince,Louella

Caldwell,Catalina

Cochran,Viva

Barrett,Jessica2

Gates,Lucretia

Kirk,Mae

Sutton,Lorena

Salazar,Aria

Decker,Cathryn

Fox,Denver

Fuller,Nannette

Lynn,Maree

Barr,Leslie

Bauer,Eudora

Morgan,Parker

Rice,Josefita

Lambert,Lawyer

Turner,Carlyn

Parra,Edgar1

Knight,Abe

Keith,Harper

Cortes,Audrey

Hernandez,Elisha

Gilmore,Amy

Farrell,Eura

Wilcox,Henery4

Hoover,Johnson

Ventura,Oliva

Gregory,Lorna

Webster,Randall

Carrillo,Dean

Quinn,Ethelyn

Avery,Mildred

Bryan,Linnie

Parrish,Nelle

Hurst,Julious

Sawyer,Vallie

Gentry,Jackson

Harrington,Gaither

Donaldson,Creola

Bauer,Patty

Sawyer,Minda

King,Corrie

Ryan,Bryant

Hurst,Boss

Middleton,Smith

Mccarty,Jean

Fitzgerald,Lura

Mcguire,Ota

Valdez,Bula4

Gaines,Laney

Bailey,Lewie

Short,Dellie

Dunlap,Jo

Dodson,Dewey

Blanchard,Florie

Lara,Robbie

Gonzalez,Renee

Lloyd,Young3

Burch,Ellwood

Cameron,Orval

Leach,Violetta

Chapman,Malissa

Oconnor,Daniel

Oneill,Dana

Henderson,Guadalupe

Duke,Carmelita

Choi,Corrine

Abbott,Mira

Moran,Leeroy

Hodges,Dimple

Gonzales,Adolph

Higgins,Lenore

West,Junior

Fitzgerald,Corene

Daugherty,Ike

Vargas,Wilfrid

Morrow,Dean

Newman,Orval

Berry,Burr

Charles,Ressie

Blankenship,Elva

Suarez,Patricia

Kane,Bruster

Leon,Sam

Mack,Hurley

Lowery,Vernard

Moon,Georgena

Leblanc,Lue

Hurley,Irena

Carter,Harold

Bartlett,Russel

Camacho,Cora

Hutchinson,Fronia

Cisneros,Cuba

Williams,Julian

Romero,Augustine

Rodgers,Justin

Rubio,Robinson

Reynolds,Eddy

Bush,Otis

Murray,Dovie

George,Clyda

Lucero,Dell

Sullivan,Kathryne

Payne,Ruthe

Larsen,Snow

Armstrong,Johnny

Summers,Wells3

Carpenter,Alpha

Shaw,Alonzo

Fernandez,Adelina

Rocha,Myrle

Mccormick,Winslow

Yoder,Alta

Gibbs,Norine

Ballard,Logan

Newman,Mark

Nava,Valentine

Roach,Vernice0

Pollard,Williams0

Reyes,Clemon

Aguirre,Luvina

Farley,Adel

Estes,Astrid

Jennings,Julian

Mccall,Bertina

Ferguson,Cathern

Yang,Obie

Frost,Dollye

Pratt,Margarete

Hail,Gale

Vaughan,Paula

Davenport,Aline

Tang,Antonetta

Owens,Odette1

Ray,Sandy

Gill,Lea

Bartlett,Lockie

Nichols,Elzie

Chavez,Mennie

Walker,Jeannetta

Herring,Tony

Terrell,Aurilla

Brady,Hayden

Glass,Deliah

Gates,Germaine

Bowers,Nelia

Oconnell,Benjiman

Mays,Evalyn

Hutchinson,Jeffie

Correa,Fannye

Mejia,Virda

Cordova,Rosabelle

Finley,Daisey

Hansen,Willia4

Park,Otha

Randall,Odell

Long,Aubrey

Mckenzie,Docia

Mccarthy,Anie

Stout,Vara

Dunn,Harvy

Conway,Jeff

Eaton,Estefana

Williamson,Dessie

Rice,Ressie

Collier,Gertie

Roberts,Aura

York,Gloria

Farmer,Theodosia

Boyer,Antoinette

Pennington,Timothy

Hendrix,Cal

Steele,Prudence

Walker,Rettie

Atkinson,Tomie

Gill,Pet

Ray,Viney

Mcgee,Alan1

Joseph,Mila

Estes,Cloie

Conway,Theressa

Porter,Raquel

Chapman,Erwin

Douglas,Goldie

Fry,Corene

Kane,Hans1

Welch,Iza

White,Lewis

Rosario,Penelope

Blanchard,Ines

Cisneros,Jarvis

Flynn,Sybil

Hines,Launa

Vasquez,Isabell

Odonnell,Ethel

Oneill,Roy

Prince,Alvah1

Nicholson,Lovena

Webster,Carlyle

Watts,Travis

Conway,Virgia

Odom,Wilhelmine

Nguyen,Peter

Mccarthy,Dolly

Kemp,Floretta

Rocha,Haskell

Bailey,Agness

Harrison,Albertina

Villa,Hilton

Salgado,Thelma

Hall,Millicent

Callahan,Luther

Carlson,Dallas

Dalton,Oswald

Alvarez,Dulcie

Livingston,Olie

Edwards,Alberta

Ramos,Edia

Mcdonald,Ofelia

Shields,Dera

Madden,Kathleen

Frost,Olin

Spears,Oscar

Grimes,Eda

Saunders,Elton4

Reed,Joan

Moon,Jackson

Hughes,Francine

Fuller,Exie

Trevino,Elsie

Vasquez,Belvia

Mathis,Ella

Jennings,Reece

Hancock,Vlasta

Wall,Sena

Carr,Versie

Best,Garnett

Portillo,Pink

Stevens,Enriqueta

Peralta,Vela1

Carpenter,Calvin

Orozco,Cecila

Dunlap,Ota

Contreras,May

Robles,Rosina

Shepherd,Whit

Bates,Fabiola

Krueger,Arlene

Hudson,Edie

Rodriguez,Eunice

Proctor,Felipa

Robbins,Venna

Case,Lucinda

Hughes,Queenie

Hudson,Neal

Abbott,Dealie

Choi,Frona

Mills,Eulalie

Hendrix,Ader

Watkins,Russel

Reed,Rosella

Skinner,Carolyn

Golden,Thomas4

Arias,Tillman

Frank,Wheeler

Krueger,Robert

Avila,Oddie

Livingston,Tennessee

Young,Benjamine

Berg,Myrl

Townsend,Clifford

Mccoy,French

Ayers,Wayman

Walsh,Carmelite

Huff,Vida

Price,Metha

Galvan,Verona

Stewart,Shelby

Velazquez,Elmire

Charles,Algie

Greer,Benjamine

Avila,Margery

Singleton,Antonio

Mayer,Delila

Marquez,Ora

Parker,Loreen

Lynch,Ardis

Alfaro,Catherine

Meyer,Salvador

Hartman,Leander

Dixon,Lucie

Herman,Ardie

Sanchez,Jimmy

Gillespie,Ballard

Avalos,Clyde

Cook,Gwendolyn

Harper,Mathilda

Bean,Hector0

Murillo,Olive

Costa,Toney

Montoya,Cordelia

Harrell,Vashti

Hammond,Oddie

Espinosa,Evans

King,Evelyn

Hood,Lyle

Valdez,Ebbie

Salas,Margarita

Hurst,Candida

Nava,Carie

Lowe,Logan

Mueller,Vallie

Strong,Dagny

Maynard,Rhea

Higgins,Almira

Horn,Graham

Bender,Grady

Rivas,Bette

Yang,Sterling

Dixon,Issac

Willis,Harvey

Ali,Nola

Dean,Hayward

Owen,Claudia

Bishop,Genevieve

Green,Marie

Chapman,Coral

Vance,Boyd

Stuart,Byrdie

Villanueva,Clora

Cochran,Betha

Keller,Frederick

Curtis,Clysta

Hawkins,Hughie

Watkins,Lucius

Hudson,Arley

Nielsen,London

King,Doris

Leal,Elbert

Carter,Otho

Warren,Jessamine

Davila,Eveline

Levy,Leotha

Kelley,Edna

Porter,Iris0

Melton,Celine

Decker,Othella

Durham,Selmer

Lam,Jason

Castillo,Edwina

Santos,Modie

Greer,Christopher

Doyle,Arminta

Osborne,Della

Coleman,Elie

Bowman,Oscar

Baxter,Leonia

Stevenson,Gracia

Wolfe,Edia

Robertson,Corena

Day,Antoine

Travis,Louie

Combs,Nonie

Rogers,Carita

Person,Alto

Garrett,Ione

Fox,Ransom

Nielsen,Less

Ortiz,Jessye

Anthony,Anne

Acosta,Paula

Willis,Kittie

Simpson,Tommy

Howell,Delmer1

Zamora,Imogene

Potter,Lum

Foster,Rossie

Ware,Marye

Wells,Dell

Salinas,Mariano

Ramsey,Dinah

Woods,John

Li,Elmo

Walls,Aleen

Gill,Orrin

Whitaker,Edrie

Sparks,Luanna

Combs,Meyer

Ahmed,Norma

Owen,Judie

Newton,Earl

Parks,Wilmer

Craig,Ezell

Tapia,Bernice

Buchanan,Virgie

Lugo,Ross

Beasley,Elton

Hanson,Claire

Sellers,Jessye

Cano,Frederica

Vang,Bertha

Costa,Alvena

Garcia,Alexander

Mann,Sussie

Faulkner,Robbie

Richard,Pennie

Mahoney,Joeseph

Moran,Emmitt

Ferguson,Beryl

Hodge,Leonore

Farmer,Madelyn

Lyons,Edmond

Gonzalez,Jeffie

Buckley,Gillis

Wagner,Sarrah

Holmes,Joe

Moran,Violet

Livingston,Harold

Leon,Alsie

Grimes,Lemmie

James,Lorenza

Campbell,Lucie

Yoder,Hermine

Wise,Lissie

Walters,Edrie

Horn,Lonnie

Montes,Payne

Daugherty,Collin

Holmes,Stasia

Gregory,Lillian

Nolan,Murry

Barry,Estella

Herman,Helmi

Marks,Nena0

Logan,Manley

Richard,Alzada

Neal,Rosabel

Hancock,Georgie

Morrison,Elijah1

Bennett,Rafaelita

Reyna,Israel

Good,Vinita1

Branch,Enna

Guerrero,Horatio

Cook,Bert

Alvarez,Clarence

Hayes,Houston

Hobbs,Delilah

Hughes,Unknown

Lindsey,Rosaria

Turner,Valentina

Magana,Naomi

Pace,Nicolas

Potter,Mack

Mora,Samual

Benson,Rue

Nicholson,Laverna

Flores,Ellen

Giles,Beadie

Erickson,Orrin

Rubio,Corean

Mcdaniel,Oneda

Mcbride,Floria

Guzman,Harlan

Saunders,Louise

Vasquez,Broadus

Roach,Ercell

Dejesus,Green

Parker,Avery

Mcclure,Dagmar

Harper,March

Mills,Hiram

Stevenson,Janie

Singh,Son

Clayton,Beatrice

Shaw,Alvie

Salas,Wave

Cherry,Rolland

Welch,Jarvis

Sims,Maxie1

Boone,Lue

Daniel,Norman

Munoz,Young

Herring,Ellwood

Farrell,Hiram

Vincent,Wendell

Davila,Delfina

Donovan,Guillermo

Brewer,Junia

Friedman,Janette

Spencer,Clem

Valdez,Jeanette

Lamb,Jaunita

Leon,Wilmer

Hardy,Mose

Alvarez,Hector

Hardin,Myron

Powell,Mabell

Dickerson,Woodrow

Coleman,Zaidee

Craig,Ellsworth

Shepherd,Authur

Bond,Matilda

Barrera,Frederica

Little,Vara

Townsend,Aurore

Liu,Sunny

Powell,Lilie

Cruz,Louie

Mccoy,Mattye

Walsh,Alvah

Harvey,Idabelle

Jaramillo,Nella

Jacobson,Rosalia

Lynch,Helmer

Sullivan,Lovina

Salinas,Donald

Chan,Leta

Benson,Eulah

Mccoy,Junius

Oliver,Dorothy

Terry,Albin

Moss,Lawson

Holland,Nanie

Mayer,Granville

Ward,Brice

Meyer,Dora

Wall,Lynwood

Baker,Darrel

Salinas,Julian

Cano,Harvey

Ford,Christopher

Tapia,Elvie

Orr,Ezell

Reyna,Leeanna

Tate,Albina

Woodard,Gussie

Roach,Hanson

Lowe,Esther

Murray,Beckie1

Fitzpatrick,Eutha

Garner,Theresia

Salinas,Admiral

James,Dorthy

Nguyen,Floda

Bruce,Patsy

Bishop,Nona

Villegas,Maxwell

Dunlap,Helga

Weber,Argie

Dillon,Liza

Herrera,Orris

Farmer,Hallie

Hamilton,Earl

Frederick,Rachel

Woodard,Lennie

Douglas,Lorinda

Travis,Carlo

Elliott,Zera

Pineda,Clio

Torres,Ida

Nixon,Warner

Baxter,Bonnie

Palacios,Lempi

Figueroa,Endie

Hobbs,Godfrey

Small,Ona

Crawford,Pasquale

Maynard,Leonore

Leal,Jimmy

Bernal,Booker

Richard,Neta

Blair,Duane

Greene,Elba

Boyle,Comer

Choi,Vergie

Fowler,Thora

May,Drucilla

Harrison,Samuel

Wilcox,Wilbert

Andersen,Louisiana

Cherry,Angelyn

Crosby,Berdie

Kelly,Olive

Avila,Authur

Watts,Ileen

Lester,Bradley

Moody,Warner

Buckley,Nicy

Park,Baxter

S,Golden

Hughes,Charles

Obrien,Dellie

Goodman,Georgine

Reid,Alfonso

Pugh,Dulcie

Winters,Iola

Campbell,Woodson

Thomas,Dorotha

Paul,Elenor

Chavez,Jeane

Munoz,Zeno

Michael,Ferrol

Horne,Fordyce

Gross,Zillah

Atkinson,Idella

Lynch,Ana

Guzman,Elgie

Lozano,Obie

Wiley,Ruben

Aguilar,Elie

Calhoun,Hildreth

Rich,Godfrey

Marsh,Augustine

Dominguez,Ples

Fletcher,Auda

Houston,Noelie

Lu,Emmer

Franklin,Hermina1

Todd,Elver

Delgado,Aimee

Mitchell,Ace

Barry,Baxter

Kent,Tassie

Henry,Bernice

Cross,Carey

Anthony,Elenore

Michael,Sim

Sanders,Dottie

Moses,Lafayette

Hicks,Ether

Benitez,Laurie

Parrish,Garnette

Hayden,Rayfield

Cunningham,Mazie

Casey,Valeria

Cano,Dawson

Dyer,Edna

Murray,Parilee

Potts,Odessa

Mcclain,Rogers

Raymond,Jay

Delarosa,Cinda

Barber,Ellie

Mcintosh,Guy

Gibson,Weaver

Carr,Selma

Beltran,Wavie

Hodge,Claribel

Eaton,Delcie

Curtis,Love

Hudson,Eda

Robertson,Elver

Avila,Nettie

Jones,Roscoe

Joseph,Rupert

Walton,Essie

Davila,Linna

Elliott,Carmen

Clark,Rosetta

Hobbs,Emmeline

Pittman,Ebb

Hughes,Vetta

Lane,Rosanna

Johnson,Ludwig

Leon,Pascal

Donovan,Lorain

Carpenter,Griffin

Sutton,Norene

Atkins,Carmen

Moore,Clementine

Mccann,Coy

Shepherd,Royden

Reid,Lealer

Branch,Everlena

Shepherd,Garnet

Choi,Antonette

Proctor,Jonnie

Delarosa,Pinky

Leal,Archie

Klein,Douglas

Odonnell,Casey

Hodges,Johnnie

Nash,Lacy

Ellison,Golden

Solomon,Ana

Petersen,Clementine

Nelson,Adele

Cline,Hilario

Gordon,Elzada

Poole,Icy

Silva,Lera

Montgomery,Nona

Mahoney,Estelle

Myers,Eugene

Fernandez,Luellar

Pineda,Miguel

Davila,Ambrose1

Moreno,Susan

Fischer,Dosha

Haynes,Luvinia

Yoder,Ena

Reynolds,Clio

Abbott,Sydney

Montoya,Fred

Fitzgerald,Louis

Rowe,Mabelle

Winters,Ardelia

Roth,Erva

Blankenship,Gary

Sosa,Charles

Bradford,Stanislaus

Li,Velna

Beil,Eufelia

Ochoa,Amey

Floyd,Lolita

Villalobos,Luda

Johnston,Baxter

Lowery,Lillia

Shepard,Adele

Wilkinson,Manie

Parks,Brooksie

Nava,Leon

Roth,Cordelia

Foster,Marianne

Hubbard,Ollie

Barker,Craig

Kent,Corbett

Melton,Clotile

Decker,Artie1

Powers,Walker

Flowers,Ira

Gross,Dema

Jaramillo,Goldie

Flores,Morton

Bruce,Dixie

Munoz,Freeman

Glass,Fleming

Cortes,Troy

Clarke,Clotilda

Bravo,Arthur

Murphy,John


